Ejecucion,Tiempo_Total_s,Tiempo_Promedio_s,Energia_mWh,Uso_CPU_Porcentaje,RAM_MB,Uso_GPU_Porcentaje,VRAM_MB
PYTHON PURO,2.5867,0.5173,42.287767,24.9,177.67,31,1030.25
RAY SOLO CPU,1.4013,0.2803,24.172895,10.8,1399.08,39,1020.25
RAY + NUMPY CPU,0.3228,0.0646,12.660585,24.6,1732.08,0,1052.44
RAY + CUPY GPU,5.4823,1.0965,90.849535,0.6,1977.64,0,1132.12
